<?xml version="1.0" encoding="UTF-8"?><?xml-stylesheet type='text/xsl' href='_UpgradeReport_Files/UpgradeReport.xslt'?><UpgradeLog>
<Properties><Property Name="Solution" Value="HapusLagi">
</Property><Property Name="Solution File" Value="D:\Leo\UKANIK\Pendaftaran\HapusLagi.sln">
</Property><Property Name="User Options File" Value="D:\Leo\UKANIK\Pendaftaran\HapusLagi.suo">
</Property><Property Name="Date" Value="Thursday, August 11, 2011">
</Property><Property Name="Time" Value="16:51 PM">
</Property></Properties><Event ErrorLevel="0" Project="" Source="HapusLagi.sln" Description="File successfully backed up as D:\Leo\UKANIK\Pendaftaran\Backup\HapusLagi.sln">
</Event><Event ErrorLevel="0" Project="" Source="HapusLagi.suo" Description="File successfully backed up as D:\Leo\UKANIK\Pendaftaran\Backup\HapusLagi.suo">
</Event><Event ErrorLevel="0" Project="JalurDC OK" Source="HapusLagi\JalurDC OK.vbproj" Description="Project file successfully backed up as D:\Leo\UKANIK\Pendaftaran\Backup\HapusLagi\JalurDC OK.vbproj">
</Event><Event ErrorLevel="0" Project="JalurDC OK" Source="HapusLagi\JalurDC OK.vbproj.user" Description="Project user file successfully backed up as D:\Leo\UKANIK\Pendaftaran\Backup\HapusLagi\JalurDC OK.vbproj.user">
</Event><Event ErrorLevel="0" Project="JalurDC OK" Source="HapusLagi\ApplicationEvents.vb" Description="File successfully backed up as D:\Leo\UKANIK\Pendaftaran\Backup\HapusLagi\ApplicationEvents.vb">
</Event><Event ErrorLevel="0" Project="JalurDC OK" Source="HapusLagi\clsRawPrintHelper.vb" Description="File successfully backed up as D:\Leo\UKANIK\Pendaftaran\Backup\HapusLagi\clsRawPrintHelper.vb">
</Event><Event ErrorLevel="0" Project="JalurDC OK" Source="HapusLagi\CRpt.vb" Description="File successfully backed up as D:\Leo\UKANIK\Pendaftaran\Backup\HapusLagi\CRpt.vb">
</Event><Event ErrorLevel="0" Project="JalurDC OK" Source="HapusLagi\dsPO.designer.vb" Description="File successfully backed up as D:\Leo\UKANIK\Pendaftaran\Backup\HapusLagi\dsPO.designer.vb">
</Event><Event ErrorLevel="0" Project="JalurDC OK" Source="HapusLagi\dsPO.vb" Description="File successfully backed up as D:\Leo\UKANIK\Pendaftaran\Backup\HapusLagi\dsPO.vb">
</Event><Event ErrorLevel="0" Project="JalurDC OK" Source="HapusLagi\FlexMaskEditBox.vb" Description="File successfully backed up as D:\Leo\UKANIK\Pendaftaran\Backup\HapusLagi\FlexMaskEditBox.vb">
</Event><Event ErrorLevel="0" Project="JalurDC OK" Source="HapusLagi\FormLogin.vb" Description="File successfully backed up as D:\Leo\UKANIK\Pendaftaran\Backup\HapusLagi\FormLogin.vb">
</Event><Event ErrorLevel="0" Project="JalurDC OK" Source="HapusLagi\frmCariPO.vb" Description="File successfully backed up as D:\Leo\UKANIK\Pendaftaran\Backup\HapusLagi\frmCariPO.vb">
</Event><Event ErrorLevel="0" Project="JalurDC OK" Source="HapusLagi\frmDaftarPO.vb" Description="File successfully backed up as D:\Leo\UKANIK\Pendaftaran\Backup\HapusLagi\frmDaftarPO.vb">
</Event><Event ErrorLevel="0" Project="JalurDC OK" Source="HapusLagi\frmDaftarPOEdit.vb" Description="File successfully backed up as D:\Leo\UKANIK\Pendaftaran\Backup\HapusLagi\frmDaftarPOEdit.vb">
</Event><Event ErrorLevel="0" Project="JalurDC OK" Source="HapusLagi\frmDraftRetur.Designer.vb" Description="File successfully backed up as D:\Leo\UKANIK\Pendaftaran\Backup\HapusLagi\frmDraftRetur.Designer.vb">
</Event><Event ErrorLevel="0" Project="JalurDC OK" Source="HapusLagi\frmDraftRetur.vb" Description="File successfully backed up as D:\Leo\UKANIK\Pendaftaran\Backup\HapusLagi\frmDraftRetur.vb">
</Event><Event ErrorLevel="0" Project="JalurDC OK" Source="HapusLagi\frmEditPO.vb" Description="File successfully backed up as D:\Leo\UKANIK\Pendaftaran\Backup\HapusLagi\frmEditPO.vb">
</Event><Event ErrorLevel="0" Project="JalurDC OK" Source="HapusLagi\frmPilih.vb" Description="File successfully backed up as D:\Leo\UKANIK\Pendaftaran\Backup\HapusLagi\frmPilih.vb">
</Event><Event ErrorLevel="0" Project="JalurDC OK" Source="HapusLagi\frmUtama.vb" Description="File successfully backed up as D:\Leo\UKANIK\Pendaftaran\Backup\HapusLagi\frmUtama.vb">
</Event><Event ErrorLevel="0" Project="JalurDC OK" Source="HapusLagi\ModJalur.vb" Description="File successfully backed up as D:\Leo\UKANIK\Pendaftaran\Backup\HapusLagi\ModJalur.vb">
</Event><Event ErrorLevel="0" Project="JalurDC OK" Source="HapusLagi\My Project\AssemblyInfo.vb" Description="File successfully backed up as D:\Leo\UKANIK\Pendaftaran\Backup\HapusLagi\My Project\AssemblyInfo.vb">
</Event><Event ErrorLevel="0" Project="JalurDC OK" Source="HapusLagi\My Project\Application.Designer.vb" Description="File successfully backed up as D:\Leo\UKANIK\Pendaftaran\Backup\HapusLagi\My Project\Application.Designer.vb">
</Event><Event ErrorLevel="0" Project="JalurDC OK" Source="HapusLagi\frmDraftRSupp.Designer.vb" Description="File successfully backed up as D:\Leo\UKANIK\Pendaftaran\Backup\HapusLagi\frmDraftRSupp.Designer.vb">
</Event><Event ErrorLevel="0" Project="JalurDC OK" Source="HapusLagi\frmDraftRSupp.vb" Description="File successfully backed up as D:\Leo\UKANIK\Pendaftaran\Backup\HapusLagi\frmDraftRSupp.vb">
</Event><Event ErrorLevel="0" Project="JalurDC OK" Source="HapusLagi\My Project\Resources.Designer.vb" Description="File successfully backed up as D:\Leo\UKANIK\Pendaftaran\Backup\HapusLagi\My Project\Resources.Designer.vb">
</Event><Event ErrorLevel="0" Project="JalurDC OK" Source="HapusLagi\My Project\Settings.Designer.vb" Description="File successfully backed up as D:\Leo\UKANIK\Pendaftaran\Backup\HapusLagi\My Project\Settings.Designer.vb">
</Event><Event ErrorLevel="0" Project="JalurDC OK" Source="HapusLagi\ZebraPrint.vb" Description="File successfully backed up as D:\Leo\UKANIK\Pendaftaran\Backup\HapusLagi\ZebraPrint.vb">
</Event><Event ErrorLevel="0" Project="JalurDC OK" Source="HapusLagi\app.config" Description="File successfully backed up as D:\Leo\UKANIK\Pendaftaran\Backup\HapusLagi\app.config">
</Event><Event ErrorLevel="0" Project="JalurDC OK" Source="HapusLagi\dsPO.xsc" Description="File successfully backed up as D:\Leo\UKANIK\Pendaftaran\Backup\HapusLagi\dsPO.xsc">
</Event><Event ErrorLevel="0" Project="JalurDC OK" Source="HapusLagi\dsPO.xsd" Description="File successfully backed up as D:\Leo\UKANIK\Pendaftaran\Backup\HapusLagi\dsPO.xsd">
</Event><Event ErrorLevel="0" Project="JalurDC OK" Source="HapusLagi\dsPO.xss" Description="File successfully backed up as D:\Leo\UKANIK\Pendaftaran\Backup\HapusLagi\dsPO.xss">
</Event><Event ErrorLevel="0" Project="JalurDC OK" Source="HapusLagi\dsPO.xsx" Description="File successfully backed up as D:\Leo\UKANIK\Pendaftaran\Backup\HapusLagi\dsPO.xsx">
</Event><Event ErrorLevel="0" Project="JalurDC OK" Source="HapusLagi\My Project\Application.myapp" Description="File successfully backed up as D:\Leo\UKANIK\Pendaftaran\Backup\HapusLagi\My Project\Application.myapp">
</Event><Event ErrorLevel="0" Project="JalurDC OK" Source="HapusLagi\My Project\Settings.settings" Description="File successfully backed up as D:\Leo\UKANIK\Pendaftaran\Backup\HapusLagi\My Project\Settings.settings">
</Event><Event ErrorLevel="0" Project="JalurDC OK" Source="HapusLagi\Entire Network.ico" Description="File successfully backed up as D:\Leo\UKANIK\Pendaftaran\Backup\HapusLagi\Entire Network.ico">
</Event><Event ErrorLevel="0" Project="JalurDC OK" Source="HapusLagi\CRpt.rpt" Description="File successfully backed up as D:\Leo\UKANIK\Pendaftaran\Backup\HapusLagi\CRpt.rpt">
</Event><Event ErrorLevel="0" Project="JalurDC OK" Source="HapusLagi\FlexMaskEditBox.resx" Description="File successfully backed up as D:\Leo\UKANIK\Pendaftaran\Backup\HapusLagi\FlexMaskEditBox.resx">
</Event><Event ErrorLevel="0" Project="JalurDC OK" Source="HapusLagi\FormLogin.resx" Description="File successfully backed up as D:\Leo\UKANIK\Pendaftaran\Backup\HapusLagi\FormLogin.resx">
</Event><Event ErrorLevel="0" Project="JalurDC OK" Source="HapusLagi\frmCariPO.resx" Description="File successfully backed up as D:\Leo\UKANIK\Pendaftaran\Backup\HapusLagi\frmCariPO.resx">
</Event><Event ErrorLevel="0" Project="JalurDC OK" Source="HapusLagi\frmDaftarPO.resx" Description="File successfully backed up as D:\Leo\UKANIK\Pendaftaran\Backup\HapusLagi\frmDaftarPO.resx">
</Event><Event ErrorLevel="0" Project="JalurDC OK" Source="HapusLagi\frmDaftarPOEdit.resx" Description="File successfully backed up as D:\Leo\UKANIK\Pendaftaran\Backup\HapusLagi\frmDaftarPOEdit.resx">
</Event><Event ErrorLevel="0" Project="JalurDC OK" Source="HapusLagi\frmDraftRetur.resx" Description="File successfully backed up as D:\Leo\UKANIK\Pendaftaran\Backup\HapusLagi\frmDraftRetur.resx">
</Event><Event ErrorLevel="0" Project="JalurDC OK" Source="HapusLagi\frmEditPO.resx" Description="File successfully backed up as D:\Leo\UKANIK\Pendaftaran\Backup\HapusLagi\frmEditPO.resx">
</Event><Event ErrorLevel="0" Project="JalurDC OK" Source="HapusLagi\frmPilih.resx" Description="File successfully backed up as D:\Leo\UKANIK\Pendaftaran\Backup\HapusLagi\frmPilih.resx">
</Event><Event ErrorLevel="0" Project="JalurDC OK" Source="HapusLagi\frmUtama.resx" Description="File successfully backed up as D:\Leo\UKANIK\Pendaftaran\Backup\HapusLagi\frmUtama.resx">
</Event><Event ErrorLevel="0" Project="JalurDC OK" Source="HapusLagi\frmDraftRSupp.resx" Description="File successfully backed up as D:\Leo\UKANIK\Pendaftaran\Backup\HapusLagi\frmDraftRSupp.resx">
</Event><Event ErrorLevel="0" Project="JalurDC OK" Source="HapusLagi\My Project\Resources.resx" Description="File successfully backed up as D:\Leo\UKANIK\Pendaftaran\Backup\HapusLagi\My Project\Resources.resx">
</Event><Event ErrorLevel="0" Project="JalurDC OK" Source="HapusLagi\JalurDC OK.vbproj" Description="Project converted successfully">
</Event><Event ErrorLevel="3" Project="JalurDC OK" Source="HapusLagi\JalurDC OK.vbproj" Description="Converted">
</Event><Event ErrorLevel="0" Project="Setup1.vdproj" Source="SetUp\Setup1\Setup1.vdproj" Description="Project file successfully backed up as D:\Leo\UKANIK\Pendaftaran\Backup\SetUp\Setup1\Setup1.vdproj">
</Event><Event ErrorLevel="0" Project="" Source="HapusLagi.sln" Description="Solution converted successfully">
</Event><Event ErrorLevel="3" Project="" Source="HapusLagi.sln" Description="Converted">
</Event><Event ErrorLevel="0" Project="JalurDC OK" Source="HapusLagi\JalurDC OK.vbproj" Description="Scan complete: Upgrade not required for project files.">
</Event></UpgradeLog>